"product_category_name_english","order_purchase_timestamp","year","month","monthly_revenue"
"agro_industry_and_commerce","2017-01-23 07:03:04","2017","01",169.18
"agro_industry_and_commerce","2017-02-13 13:00:36","2017","02",331.1
"agro_industry_and_commerce","2017-03-17 15:57:36","2017","03",110.69
"agro_industry_and_commerce","2017-05-28 23:01:27","2017","05",1763.74
"agro_industry_and_commerce","2017-06-26 13:44:08","2017","06",1422.05
"agro_industry_and_commerce","2017-07-14 20:33:31","2017","07",1199.47
"agro_industry_and_commerce","2017-08-30 23:28:35","2017","08",898.4
"agro_industry_and_commerce","2017-09-05 16:19:06","2017","09",2967.01
"agro_industry_and_commerce","2017-10-23 22:10:42","2017","10",3558.43
"agro_industry_and_commerce","2017-11-29 12:48:56","2017","11",45878.42
"agro_industry_and_commerce","2017-12-01 13:01:47","2017","12",6796.16
"agro_industry_and_commerce","2018-01-13 13:35:32","2018","01",6761.99
"agro_industry_and_commerce","2018-02-28 17:00:28","2018","02",10835.68
"agro_industry_and_commerce","2018-03-29 11:27:48","2018","03",5909.15
"agro_industry_and_commerce","2018-04-05 14:56:55","2018","04",4783.66
"agro_industry_and_commerce","2018-05-17 16:47:12","2018","05",3433.2200000000003
"agro_industry_and_commerce","2018-06-22 12:04:50","2018","06",3843.05
"agro_industry_and_commerce","2018-07-19 18:49:17","2018","07",7613.4400000000005
"agro_industry_and_commerce","2018-08-02 20:52:16","2018","08",7357.400000000001
"air_conditioning","2016-10-04 12:06:11","2016","10",3872.83
"air_conditioning","2017-01-23 20:35:00","2017","01",1103.79
"air_conditioning","2017-02-19 19:18:53","2017","02",2688.34
"air_conditioning","2017-03-31 22:04:20","2017","03",4541.62
"air_conditioning","2017-04-27 09:34:25","2017","04",3222.06
"air_conditioning","2017-05-03 20:18:51","2017","05",1282.55
"air_conditioning","2017-06-10 16:37:49","2017","06",3631.02
"air_conditioning","2017-07-18 10:39:16","2017","07",1493.13
"air_conditioning","2017-08-10 14:54:28","2017","08",7655.69
"air_conditioning","2017-09-09 09:54:57","2017","09",1782.09
"air_conditioning","2017-10-12 16:04:40","2017","10",4697.62
"air_conditioning","2017-11-09 18:41:09","2017","11",6813.5
"air_conditioning","2017-12-09 13:44:34","2017","12",722.3399999999999
"air_conditioning","2018-01-16 16:56:35","2018","01",8126.78
"air_conditioning","2018-02-24 14:09:15","2018","02",3518.95
"air_conditioning","2018-03-25 20:34:39","2018","03",3532.05
"air_conditioning","2018-04-16 21:15:39","2018","04",4310.24
"air_conditioning","2018-05-11 10:03:37","2018","05",2711.01
"air_conditioning","2018-06-30 16:08:40","2018","06",13923.039999999999
"air_conditioning","2018-07-27 18:56:09","2018","07",3701.34
"air_conditioning","2018-08-02 14:41:02","2018","08",5519.7300000000005
"art","2017-03-23 12:03:34","2017","03",255
"art","2017-04-30 20:04:38","2017","04",147.17
"art","2017-05-24 18:14:34","2017","05",7302.75
"art","2017-06-08 09:18:19","2017","06",285.35
"art","2017-07-04 20:32:10","2017","07",424.9
"art","2017-08-08 21:21:23","2017","08",317.06
"art","2017-09-04 18:09:28","2017","09",435.85
"art","2017-10-08 20:45:59","2017","10",400.45
"art","2017-11-27 10:36:19","2017","11",92.78
"art","2017-12-24 19:23:28","2017","12",191.76
"art","2018-01-04 19:22:12","2018","01",2972.75
"art","2018-02-21 18:47:50","2018","02",1817.59
"art","2018-03-31 15:01:43","2018","03",619.37
"art","2018-04-27 15:42:37","2018","04",2623.04
"art","2018-05-10 16:40:15","2018","05",3158.32
"art","2018-06-28 10:10:25","2018","06",3077.5
"art","2018-07-12 15:04:13","2018","07",2265.73
"art","2018-08-08 18:25:48","2018","08",2111.08
"arts_and_craftmanship","2017-05-08 12:01:54","2017","05",73.07
"arts_and_craftmanship","2017-07-12 06:48:11","2017","07",145.56
"arts_and_craftmanship","2018-04-22 20:15:52","2018","04",34.22
"arts_and_craftmanship","2018-05-06 16:56:31","2018","05",101.05
"arts_and_craftmanship","2018-07-17 13:32:49","2018","07",903.22
"arts_and_craftmanship","2018-08-22 20:16:37","2018","08",1069.05
"audio","2016-10-07 21:19:32","2016","10",183.03000000000003
"audio","2017-02-28 12:00:26","2017","02",247.85
"audio","2017-03-10 10:05:43","2017","03",1614.41
"audio","2017-04-25 00:15:22","2017","04",1508.51
"audio","2017-05-14 14:56:41","2017","05",2333.19
"audio","2017-06-27 10:45:08","2017","06",1818.24
"audio","2017-07-13 10:36:40","2017","07",767.2900000000001
"audio","2017-08-15 11:30:23","2017","08",1146.44
"audio","2017-09-04 19:01:29","2017","09",1191.79
"audio","2017-10-31 11:15:17","2017","10",2701.05
"audio","2017-11-16 18:15:43","2017","11",4786.66
"audio","2017-12-15 13:09:39","2017","12",2941.12
"audio","2018-01-23 17:33:09","2018","01",4440.13
"audio","2018-02-01 18:09:49","2018","02",3038.58
"audio","2018-03-19 22:58:15","2018","03",11669.869999999999
"audio","2018-04-29 22:10:21","2018","04",9107.93
"audio","2018-05-28 17:05:02","2018","05",3227.68
"audio","2018-06-22 21:39:34","2018","06",2288.65
"audio","2018-07-19 19:17:20","2018","07",2453.58
"audio","2018-08-06 05:20:01","2018","08",2715
"auto","2016-10-05 15:08:00","2016","10",1351.27
"auto","2017-01-17 21:09:40","2017","01",8615.92
"auto","2017-02-20 21:31:59","2017","02",17545.33
"auto","2017-03-14 16:12:29","2017","03",18945.22
"auto","2017-04-28 18:25:16","2017","04",23918.15
"auto","2017-05-16 13:10:30","2017","05",26736.27
"auto","2017-06-04 20:44:34","2017","06",34615.2
"auto","2017-07-09 21:57:05","2017","07",19257.18
"auto","2017-08-20 11:07:39","2017","08",78240.64
"auto","2017-09-03 18:42:45","2017","09",28238.03
"auto","2017-10-04 23:23:34","2017","10",30607.760000000002
"auto","2017-11-15 13:47:34","2017","11",45390.34
"auto","2017-12-02 14:08:33","2017","12",52504.86
"auto","2018-01-07 19:59:42","2018","01",49737.02
"auto","2018-02-01 07:47:34","2018","02",51586.49
"auto","2018-03-21 14:15:20","2018","03",57698.3
"auto","2018-04-05 18:34:49","2018","04",64222.15
"auto","2018-05-04 21:40:39","2018","05",50351.3
"auto","2018-06-18 16:02:23","2018","06",59569.05
"auto","2018-07-28 16:52:55","2018","07",55165.33
"auto","2018-08-08 08:38:49","2018","08",59449.86
"baby","2016-10-07 16:56:35","2016","10",1850.71
"baby","2017-01-19 22:41:52","2017","01",8317.27
"baby","2017-02-12 12:30:04","2017","02",3900.44
"baby","2017-03-09 21:01:06","2017","03",4401.35
"baby","2017-04-22 18:27:36","2017","04",5487.8
"baby","2017-05-24 13:48:28","2017","05",12221.48
"baby","2017-06-18 19:51:54","2017","06",11930.41
"baby","2017-07-17 09:29:02","2017","07",19401.97
"baby","2017-08-10 11:58:33","2017","08",24679.56
"baby","2017-09-13 14:27:11","2017","09",29072.43
"baby","2017-10-04 23:02:21","2017","10",20851.62
"baby","2017-11-26 09:32:06","2017","11",28646.1
"baby","2017-12-16 13:51:18","2017","12",23018.829999999998
"baby","2018-01-08 07:55:29","2018","01",37367.79
"baby","2018-02-25 18:53:53","2018","02",31503.24
"baby","2018-03-29 12:00:11","2018","03",47997.75
"baby","2018-04-04 08:39:50","2018","04",70627.72
"baby","2018-05-16 13:47:51","2018","05",44533.090000000004
"baby","2018-06-04 00:00:13","2018","06",42552.14
"baby","2018-07-18 18:42:47","2018","07",28307.94
"baby","2018-08-01 14:58:41","2018","08",28883.58
"bed_bath_table","2016-10-05 12:44:09","2016","10",2291.71
"bed_bath_table","2017-01-31 11:54:14","2017","01",5875.24
"bed_bath_table","2017-02-08 18:00:36","2017","02",25022.1
"bed_bath_table","2017-03-30 07:50:33","2017","03",40874.27
"bed_bath_table","2017-04-20 20:42:44","2017","04",36487.57
"bed_bath_table","2017-05-09 20:48:59","2017","05",45529.3
"bed_bath_table","2017-06-04 10:05:59","2017","06",48639.54
"bed_bath_table","2017-07-16 10:27:45","2017","07",99758.18000000001
"bed_bath_table","2017-08-26 16:53:30","2017","08",84258.79
"bed_bath_table","2017-09-26 12:32:39","2017","09",83067.01
"bed_bath_table","2017-10-17 18:22:05","2017","10",87338.44
"bed_bath_table","2017-11-21 00:03:41","2017","11",150079.31
"bed_bath_table","2017-12-01 07:15:07","2017","12",79628.02
"bed_bath_table","2018-01-23 23:59:03","2018","01",137231.48
"bed_bath_table","2018-02-14 13:05:17","2018","02",92730.35
"bed_bath_table","2018-03-26 17:12:18","2018","03",116769.84
"bed_bath_table","2018-04-25 22:18:10","2018","04",123393.56
"bed_bath_table","2018-05-08 22:12:34","2018","05",120158.68
"bed_bath_table","2018-06-14 18:37:58","2018","06",116472.36
"bed_bath_table","2018-07-25 17:44:10","2018","07",97136.12
"bed_bath_table","2018-08-10 13:42:06","2018","08",99972.41
"books_general_interest","2017-01-27 05:27:14","2017","01",271.54999999999995
"books_general_interest","2017-02-22 13:22:13","2017","02",950.02
"books_general_interest","2017-03-10 23:18:42","2017","03",5221.18
"books_general_interest","2017-04-19 21:12:16","2017","04",1144.97
"books_general_interest","2017-05-14 12:36:54","2017","05",2507.55
"books_general_interest","2017-06-06 11:40:14","2017","06",2603.2
"books_general_interest","2017-07-05 11:55:58","2017","07",1641.27
"books_general_interest","2017-08-09 20:19:05","2017","08",2680.45
"books_general_interest","2017-09-27 09:25:55","2017","09",1149.77
"books_general_interest","2017-10-11 11:05:30","2017","10",1684.91
"books_general_interest","2017-11-16 13:20:26","2017","11",3194.01
"books_general_interest","2017-12-11 21:43:24","2017","12",3628.9
"books_general_interest","2018-01-04 11:47:46","2018","01",3349.96
"books_general_interest","2018-02-03 14:56:55","2018","02",2478.32
"books_general_interest","2018-03-13 10:43:31","2018","03",2971.25
"books_general_interest","2018-04-07 15:48:17","2018","04",8202.19
"books_general_interest","2018-05-06 19:45:32","2018","05",6932.4
"books_general_interest","2018-06-07 14:01:50","2018","06",5354.99
"books_general_interest","2018-07-12 22:34:54","2018","07",4496.16
"books_general_interest","2018-08-05 11:07:44","2018","08",2354.96
"books_imported","2017-04-20 20:47:53","2017","04",65.14
"books_imported","2017-06-16 11:28:43","2017","06",258.4
"books_imported","2017-08-21 19:07:53","2017","08",70.34
"books_imported","2017-09-18 15:56:23","2017","09",512.44
"books_imported","2017-11-03 20:25:39","2017","11",470.13
"books_imported","2017-12-04 01:17:51","2017","12",271.06
"books_imported","2018-01-08 23:22:31","2018","01",648.67
"books_imported","2018-02-23 13:08:12","2018","02",351.54
"books_imported","2018-03-22 13:37:34","2018","03",455.28999999999996
"books_imported","2018-04-02 01:20:17","2018","04",352.37
"books_imported","2018-05-11 02:05:42","2018","05",777.14
"books_imported","2018-06-26 22:40:37","2018","06",606.16
"books_imported","2018-07-02 15:30:15","2018","07",799.49
"books_imported","2018-08-07 10:52:58","2018","08",804.96
"books_technical","2017-02-15 15:54:35","2017","02",182.4
"books_technical","2017-03-10 13:15:23","2017","03",103.74000000000001
"books_technical","2017-04-06 14:25:09","2017","04",86.92
"books_technical","2017-05-01 12:25:44","2017","05",316.46000000000004
"books_technical","2017-06-09 05:48:49","2017","06",188.52999999999997
"books_technical","2017-07-28 10:05:46","2017","07",580.88
"books_technical","2017-08-24 18:20:38","2017","08",1324.98
"books_technical","2017-09-30 23:59:15","2017","09",1136.91
"books_technical","2017-10-31 14:31:17","2017","10",988.25
"books_technical","2017-11-25 16:58:14","2017","11",1242.45
"books_technical","2017-12-02 17:12:18","2017","12",735.96
"books_technical","2018-01-15 12:02:56","2018","01",1604.42
"books_technical","2018-02-19 22:50:37","2018","02",2287.9900000000002
"books_technical","2018-03-23 22:30:39","2018","03",1353.89
"books_technical","2018-04-02 11:09:02","2018","04",1576.46
"books_technical","2018-05-03 21:35:33","2018","05",4028.2
"books_technical","2018-06-01 11:26:06","2018","06",2309.7
"books_technical","2018-07-23 18:27:07","2018","07",2461.19
"books_technical","2018-08-11 22:06:23","2018","08",1928.06
"cds_dvds_musicals","2017-07-05 09:16:49","2017","07",421.6
"cds_dvds_musicals","2017-08-22 16:53:59","2017","08",299.38
"cds_dvds_musicals","2017-10-24 11:15:05","2017","10",61.11
"cds_dvds_musicals","2017-11-01 20:52:22","2017","11",224.82
"cds_dvds_musicals","2017-12-18 18:43:26","2017","12",74.94
"cds_dvds_musicals","2018-04-20 11:30:06","2018","04",117.58
"christmas_supplies","2017-04-25 16:36:37","2017","04",93.97
"christmas_supplies","2017-06-25 21:33:03","2017","06",341.89
"christmas_supplies","2017-07-15 08:47:23","2017","07",98.05
"christmas_supplies","2017-08-25 12:30:31","2017","08",76.88
"christmas_supplies","2017-09-06 10:15:27","2017","09",468.41999999999996
"christmas_supplies","2017-10-09 16:08:56","2017","10",939.66
"christmas_supplies","2017-11-07 15:52:19","2017","11",2011.85
"christmas_supplies","2017-12-19 13:54:22","2017","12",961.83
"christmas_supplies","2018-01-24 21:31:57","2018","01",1325.3
"christmas_supplies","2018-02-17 01:19:30","2018","02",7991.97
"christmas_supplies","2018-03-05 12:55:58","2018","03",1194.29
"christmas_supplies","2018-04-20 14:27:30","2018","04",749.8
"christmas_supplies","2018-05-11 13:30:58","2018","05",672.74
"christmas_supplies","2018-06-26 16:00:19","2018","06",576.73
"christmas_supplies","2018-07-23 14:13:15","2018","07",661.6600000000001
"christmas_supplies","2018-08-12 18:23:47","2018","08",728.36
"cine_photo","2017-02-17 17:37:52","2017","02",95.24
"cine_photo","2017-04-03 03:20:30","2017","04",166.31
"cine_photo","2017-05-02 12:03:00","2017","05",91.71
"cine_photo","2017-06-01 11:43:41","2017","06",112.91
"cine_photo","2017-09-15 17:27:08","2017","09",102.84
"cine_photo","2017-10-18 11:37:11","2017","10",107
"cine_photo","2017-11-24 00:18:30","2017","11",259.94
"cine_photo","2018-01-17 15:07:40","2018","01",223.78
"cine_photo","2018-02-24 22:32:39","2018","02",272.12
"cine_photo","2018-03-16 23:37:45","2018","03",1187.37
"cine_photo","2018-04-22 01:19:36","2018","04",621.13
"cine_photo","2018-05-15 09:08:59","2018","05",2495.66
"cine_photo","2018-06-30 10:38:34","2018","06",1470.03
"cine_photo","2018-07-13 13:42:50","2018","07",1291.61
"cine_photo","2018-08-18 09:47:18","2018","08",745.19
"computers","2017-01-30 13:13:59","2017","01",2217.99
"computers","2017-02-21 18:35:38","2017","02",3602.47
"computers","2017-08-29 19:04:05","2017","08",33497.409999999996
"computers","2017-09-03 15:10:42","2017","09",54718.87
"computers","2017-10-26 09:31:45","2017","10",44597.4
"computers","2017-11-04 09:35:15","2017","11",10060.4
"computers","2017-12-07 20:48:38","2017","12",25781.97
"computers","2018-01-15 19:26:18","2018","01",7646.57
"computers","2018-04-18 18:08:00","2018","04",17241.49
"computers","2018-05-10 14:49:26","2018","05",23331.79
"computers","2018-06-06 13:36:53","2018","06",27367.57
"computers","2018-07-04 13:08:27","2018","07",11947.48
"computers","2018-08-06 16:41:44","2018","08",12660.47
"computers_accessories","2016-10-05 07:31:49","2016","10",861.84
"computers_accessories","2017-01-27 10:52:15","2017","01",6441.32
"computers_accessories","2017-02-13 09:35:10","2017","02",14573.61
"computers_accessories","2017-03-28 05:56:01","2017","03",39317.07
"computers_accessories","2017-04-20 16:18:26","2017","04",24474.99
"computers_accessories","2017-05-03 14:31:43","2017","05",81820.48
"computers_accessories","2017-06-19 14:56:36","2017","06",57930.72
"computers_accessories","2017-07-13 19:58:11","2017","07",71173.92
"computers_accessories","2017-08-23 15:40:22","2017","08",60087.93
"computers_accessories","2017-09-18 18:51:12","2017","09",60002.7
"computers_accessories","2017-10-24 14:23:58","2017","10",85911.74
"computers_accessories","2017-11-20 11:44:11","2017","11",125027.69
"computers_accessories","2017-12-08 23:41:49","2017","12",55297.56
"computers_accessories","2018-01-17 09:55:37","2018","01",145048.51
"computers_accessories","2018-02-27 12:55:42","2018","02",205756.18
"computers_accessories","2018-03-18 20:59:28","2018","03",141861.53
"computers_accessories","2018-04-22 08:48:13","2018","04",88007.33
"computers_accessories","2018-05-23 16:37:35","2018","05",95742.82
"computers_accessories","2018-06-26 10:58:48","2018","06",69254.01
"computers_accessories","2018-07-11 17:22:56","2018","07",61313.92
"computers_accessories","2018-08-03 22:23:06","2018","08",59466.72
"consoles_games","2016-10-04 19:25:29","2016","10",3785.36
"consoles_games","2017-01-27 00:34:10","2017","01",5290.51
"consoles_games","2017-02-24 15:13:02","2017","02",4637.96
"consoles_games","2017-03-01 16:04:38","2017","03",10887.51
"consoles_games","2017-04-07 11:55:40","2017","04",4263.66
"consoles_games","2017-05-21 21:10:35","2017","05",3288.4
"consoles_games","2017-06-20 13:08:17","2017","06",6218.39
"consoles_games","2017-07-26 10:05:30","2017","07",6609.56
"consoles_games","2017-08-04 21:44:43","2017","08",9929.63
"consoles_games","2017-09-03 13:09:29","2017","09",10386.38
"consoles_games","2017-10-01 11:46:12","2017","10",12589.83
"consoles_games","2017-11-27 19:41:55","2017","11",14553.5
"consoles_games","2017-12-18 06:12:28","2017","12",10650.67
"consoles_games","2018-01-14 17:59:52","2018","01",8231.05
"consoles_games","2018-02-27 10:05:56","2018","02",12975.01
"consoles_games","2018-03-28 19:30:57","2018","03",13421.15
"consoles_games","2018-04-10 21:19:39","2018","04",6718.94
"consoles_games","2018-05-07 13:59:25","2018","05",12122.449999999999
"consoles_games","2018-06-07 13:53:52","2018","06",11052.789999999999
"consoles_games","2018-07-02 13:58:59","2018","07",9546.03
"consoles_games","2018-08-23 14:56:46","2018","08",6645.41
"construction_tools_construction","2017-02-18 10:39:14","2017","02",399.02
"construction_tools_construction","2017-03-02 12:02:08","2017","03",53.42
"construction_tools_construction","2017-05-30 18:19:31","2017","05",149.4
"construction_tools_construction","2017-06-05 23:56:59","2017","06",1251.8
"construction_tools_construction","2017-07-23 11:22:00","2017","07",1126.61
"construction_tools_construction","2017-08-11 14:16:43","2017","08",1890.73
"construction_tools_construction","2017-09-28 08:26:10","2017","09",2399
"construction_tools_construction","2017-10-31 21:42:47","2017","10",4411.38
"construction_tools_construction","2017-11-26 21:21:07","2017","11",12807.89
"construction_tools_construction","2017-12-01 01:42:46","2017","12",8624.58
"construction_tools_construction","2018-01-02 19:00:43","2018","01",15123.59
"construction_tools_construction","2018-02-01 14:02:19","2018","02",16266
"construction_tools_construction","2018-03-29 20:53:48","2018","03",17050.46
"construction_tools_construction","2018-04-15 18:55:17","2018","04",21621.47
"construction_tools_construction","2018-05-29 23:14:39","2018","05",40037.200000000004
"construction_tools_construction","2018-06-13 13:47:39","2018","06",26907.16
"construction_tools_construction","2018-07-28 14:57:50","2018","07",23372.31
"construction_tools_construction","2018-08-20 20:10:03","2018","08",44381.46
"construction_tools_lights","2017-07-25 15:02:02","2017","07",401.45
"construction_tools_lights","2017-08-06 12:27:22","2017","08",670.98
"construction_tools_lights","2017-09-12 08:38:09","2017","09",258.98
"construction_tools_lights","2017-10-30 10:44:32","2017","10",651.0999999999999
"construction_tools_lights","2017-11-22 21:12:44","2017","11",2673.75
"construction_tools_lights","2017-12-06 21:38:12","2017","12",1835.46
"construction_tools_lights","2018-01-30 19:23:29","2018","01",3115.01
"construction_tools_lights","2018-02-05 17:27:54","2018","02",4714.62
"construction_tools_lights","2018-03-16 17:55:29","2018","03",3254.41
"construction_tools_lights","2018-04-24 22:18:53","2018","04",9829.22
"construction_tools_lights","2018-05-11 16:35:19","2018","05",7718.53
"construction_tools_lights","2018-06-26 12:15:07","2018","06",7479.79
"construction_tools_lights","2018-07-03 19:34:23","2018","07",12217.32
"construction_tools_lights","2018-08-11 17:58:54","2018","08",15522.58
"construction_tools_safety","2017-02-18 12:45:31","2017","02",396.86
"construction_tools_safety","2017-08-21 21:34:39","2017","08",24.69
"construction_tools_safety","2017-09-13 15:07:45","2017","09",3044.26
"construction_tools_safety","2017-10-19 23:16:28","2017","10",3939.5899999999997
"construction_tools_safety","2017-11-04 00:38:14","2017","11",5171.150000000001
"construction_tools_safety","2017-12-02 23:23:26","2017","12",1525.46
"construction_tools_safety","2018-01-16 17:56:59","2018","01",3547.15
"construction_tools_safety","2018-02-09 14:43:53","2018","02",6381.1900000000005
"construction_tools_safety","2018-03-05 11:08:22","2018","03",15153.08
"construction_tools_safety","2018-04-03 13:47:14","2018","04",3522.43
"construction_tools_safety","2018-05-07 15:38:06","2018","05",7180.88
"construction_tools_safety","2018-06-08 21:35:30","2018","06",2972.88
"construction_tools_safety","2018-07-31 20:47:41","2018","07",2142.9
"construction_tools_safety","2018-08-15 16:30:22","2018","08",5929.55
"cool_stuff","2016-10-07 10:11:42","2016","10",1245.18
"cool_stuff","2017-01-24 17:09:24","2017","01",10140.01
"cool_stuff","2017-02-10 16:37:55","2017","02",14108.1
"cool_stuff","2017-03-22 09:02:29","2017","03",23805.79
"cool_stuff","2017-04-25 21:33:39","2017","04",24055.7
"cool_stuff","2017-05-02 22:36:47","2017","05",40879.96
"cool_stuff","2017-06-16 00:22:49","2017","06",43266.96
"cool_stuff","2017-07-02 15:00:51","2017","07",44062.48
"cool_stuff","2017-08-10 19:47:29","2017","08",49332.87
"cool_stuff","2017-09-08 10:57:39","2017","09",44948.87
"cool_stuff","2017-10-06 18:22:19","2017","10",57170.12
"cool_stuff","2017-11-29 13:03:33","2017","11",67034.16
"cool_stuff","2017-12-08 04:45:26","2017","12",45841.67
"cool_stuff","2018-01-19 11:57:08","2018","01",48650.14
"cool_stuff","2018-02-20 23:46:53","2018","02",35621.65
"cool_stuff","2018-03-07 17:53:30","2018","03",45311.24
"cool_stuff","2018-04-10 16:22:27","2018","04",43613.88
"cool_stuff","2018-05-09 18:27:00","2018","05",37487.09
"cool_stuff","2018-06-28 22:11:43","2018","06",22656.3
"cool_stuff","2018-07-06 18:16:06","2018","07",26399.97
"cool_stuff","2018-08-21 16:45:44","2018","08",19017.18
"costruction_tools_garden","2017-02-07 15:48:56","2017","02",1249.36
"costruction_tools_garden","2017-04-27 22:05:13","2017","04",1850.19
"costruction_tools_garden","2017-05-14 13:56:56","2017","05",1959.63
"costruction_tools_garden","2017-06-29 12:46:55","2017","06",736.1
"costruction_tools_garden","2017-07-26 13:47:20","2017","07",719.2
"costruction_tools_garden","2017-08-25 08:54:14","2017","08",2971.1000000000004
"costruction_tools_garden","2017-09-22 23:26:12","2017","09",422.83
"costruction_tools_garden","2017-10-22 17:28:43","2017","10",1436.24
"costruction_tools_garden","2017-11-12 12:03:33","2017","11",2012.64
"costruction_tools_garden","2017-12-18 21:03:25","2017","12",1162.08
"costruction_tools_garden","2018-01-19 15:00:59","2018","01",6180.2
"costruction_tools_garden","2018-02-28 14:42:53","2018","02",3313.73
"costruction_tools_garden","2018-03-03 09:33:15","2018","03",3150.5899999999997
"costruction_tools_garden","2018-04-19 09:43:15","2018","04",3252.52
"costruction_tools_garden","2018-05-11 08:05:57","2018","05",1748.72
"costruction_tools_garden","2018-06-01 11:26:06","2018","06",1120.94
"costruction_tools_garden","2018-07-08 02:22:18","2018","07",2847.41
"costruction_tools_garden","2018-08-12 14:52:42","2018","08",5373.22
"costruction_tools_tools","2017-04-13 14:08:37","2017","04",748.27
"costruction_tools_tools","2017-05-01 19:27:31","2017","05",834.3
"costruction_tools_tools","2017-09-10 19:56:58","2017","09",976.08
"costruction_tools_tools","2017-10-02 14:28:59","2017","10",1119.96
"costruction_tools_tools","2017-11-03 21:56:38","2017","11",442.91999999999996
"costruction_tools_tools","2017-12-16 16:05:46","2017","12",457.82
"costruction_tools_tools","2018-01-29 11:30:46","2018","01",695.13
"costruction_tools_tools","2018-02-21 15:23:21","2018","02",1633.2
"costruction_tools_tools","2018-03-24 19:51:16","2018","03",1248.97
"costruction_tools_tools","2018-04-04 09:54:42","2018","04",1759.14
"costruction_tools_tools","2018-05-03 22:54:35","2018","05",506.26
"costruction_tools_tools","2018-06-09 10:08:43","2018","06",623.81
"costruction_tools_tools","2018-07-19 22:43:26","2018","07",8526.17
"costruction_tools_tools","2018-08-21 10:50:17","2018","08",1497.04
"diapers_and_hygiene","2016-10-08 21:58:32","2016","10",150.99
"diapers_and_hygiene","2017-12-06 14:04:08","2017","12",199.4
"diapers_and_hygiene","2018-01-28 23:36:01","2018","01",942.25
"diapers_and_hygiene","2018-02-23 07:23:09","2018","02",603.04
"diapers_and_hygiene","2018-03-26 03:50:48","2018","03",967.75
"diapers_and_hygiene","2018-04-18 15:43:43","2018","04",200.57
"diapers_and_hygiene","2018-05-15 09:49:19","2018","05",159.65
"diapers_and_hygiene","2018-06-20 16:28:15","2018","06",427.7
"diapers_and_hygiene","2018-07-15 07:56:59","2018","07",197.89
"diapers_and_hygiene","2018-08-26 14:17:08","2018","08",276.93
"drinks","2017-03-01 16:41:19","2017","03",656.15
"drinks","2017-05-27 17:55:40","2017","05",112.95
"drinks","2017-06-11 00:50:56","2017","06",69.2
"drinks","2017-07-25 16:39:25","2017","07",480.55999999999995
"drinks","2017-08-08 17:29:15","2017","08",148.77
"drinks","2017-09-15 13:51:34","2017","09",361.95
"drinks","2017-10-17 16:28:28","2017","10",1009.32
"drinks","2017-11-18 14:33:04","2017","11",1447.69
"drinks","2017-12-07 16:17:15","2017","12",3017.78
"drinks","2018-01-04 14:33:41","2018","01",4350.69
"drinks","2018-02-17 16:41:06","2018","02",3047.85
"drinks","2018-03-26 11:20:29","2018","03",1441.8
"drinks","2018-04-20 11:16:37","2018","04",39449.87
"drinks","2018-05-18 20:11:25","2018","05",6623.43
"drinks","2018-06-30 21:57:55","2018","06",2535.5
"drinks","2018-07-20 09:42:40","2018","07",1826.78
"drinks","2018-08-03 07:36:53","2018","08",2329.44
"dvds_blu_ray","2017-01-31 10:48:02","2017","01",95.6
"dvds_blu_ray","2017-02-06 14:31:27","2017","02",36.94
"dvds_blu_ray","2017-03-12 13:45:19","2017","03",590.5600000000001
"dvds_blu_ray","2017-04-21 16:37:49","2017","04",1550.8899999999999
"dvds_blu_ray","2017-05-15 12:07:03","2017","05",150.6
"dvds_blu_ray","2017-06-28 22:12:22","2017","06",199.74
"dvds_blu_ray","2017-07-16 20:38:03","2017","07",796.46
"dvds_blu_ray","2017-08-11 06:56:07","2017","08",231.82999999999998
"dvds_blu_ray","2017-09-01 10:26:27","2017","09",91.06
"dvds_blu_ray","2017-10-02 01:20:30","2017","10",269.1
"dvds_blu_ray","2017-11-27 20:50:39","2017","11",145.67000000000002
"dvds_blu_ray","2017-12-12 22:26:30","2017","12",135.49
"dvds_blu_ray","2018-01-01 22:12:41","2018","01",96.58
"dvds_blu_ray","2018-02-08 16:14:26","2018","02",42.53
"dvds_blu_ray","2018-03-19 14:32:34","2018","03",89.71000000000001
"dvds_blu_ray","2018-04-29 21:17:37","2018","04",419.17
"dvds_blu_ray","2018-05-16 18:29:24","2018","05",670.6
"dvds_blu_ray","2018-06-25 20:40:37","2018","06",691.29
"dvds_blu_ray","2018-07-15 16:57:17","2018","07",96.88
"dvds_blu_ray","2018-08-23 13:56:52","2018","08",16.29
"electronics","2016-10-06 12:51:54","2016","10",119.79
"electronics","2017-01-22 13:04:20","2017","01",772.4300000000001
"electronics","2017-02-27 23:18:11","2017","02",2337.81
"electronics","2017-03-21 11:33:31","2017","03",5911.74
"electronics","2017-04-11 13:37:00","2017","04",7198.38
"electronics","2017-05-31 20:57:49","2017","05",8071.29
"electronics","2017-06-09 11:21:48","2017","06",2879.82
"electronics","2017-07-18 10:12:26","2017","07",12164.16
"electronics","2017-08-31 07:27:54","2017","08",5048.2
"electronics","2017-09-29 08:52:41","2017","09",5752.33
"electronics","2017-10-24 09:13:05","2017","10",5928.19
"electronics","2017-11-06 18:20:00","2017","11",19161.51
"electronics","2017-12-06 09:53:36","2017","12",13963.31
"electronics","2018-01-25 08:43:46","2018","01",26011.1
"electronics","2018-02-03 20:37:35","2018","02",25954.22
"electronics","2018-03-10 20:03:59","2018","03",19455.66
"electronics","2018-04-16 13:44:10","2018","04",16222.49
"electronics","2018-05-25 22:10:13","2018","05",24138.45
"electronics","2018-06-16 11:46:49","2018","06",17535.94
"electronics","2018-07-15 12:37:12","2018","07",13251.49
"electronics","2018-08-04 19:25:09","2018","08",13991.22
"fashio_female_clothing","2016-10-05 21:10:56","2016","10",69.63
"fashio_female_clothing","2017-01-24 11:41:58","2017","01",102.81
"fashio_female_clothing","2017-02-10 15:43:45","2017","02",414.6
"fashio_female_clothing","2017-03-14 12:56:50","2017","03",30.86
"fashio_female_clothing","2017-04-13 16:09:20","2017","04",171.69
"fashio_female_clothing","2017-05-16 08:54:42","2017","05",415.6
"fashio_female_clothing","2017-06-10 22:07:50","2017","06",199.3
"fashio_female_clothing","2017-07-31 16:29:22","2017","07",364.4
"fashio_female_clothing","2017-08-17 21:21:14","2017","08",235.65
"fashio_female_clothing","2017-09-03 14:37:33","2017","09",582.47
"fashio_female_clothing","2017-11-26 22:38:12","2017","11",84.17
"fashio_female_clothing","2018-01-15 09:45:25","2018","01",196.48000000000002
"fashio_female_clothing","2018-02-14 21:18:25","2018","02",45.09
"fashio_female_clothing","2018-03-21 18:59:56","2018","03",618.08
"fashio_female_clothing","2018-04-27 09:44:14","2018","04",1090.75
"fashio_female_clothing","2018-08-07 12:10:56","2018","08",281.09
"fashion_bags_accessories","2016-10-10 07:03:07","2016","10",585.24
"fashion_bags_accessories","2016-12-23 23:16:47","2016","12",19.62
"fashion_bags_accessories","2017-01-16 14:24:22","2017","01",2687.57
"fashion_bags_accessories","2017-02-12 13:12:39","2017","02",3291.03
"fashion_bags_accessories","2017-03-11 17:50:16","2017","03",6885.32
"fashion_bags_accessories","2017-04-27 10:24:22","2017","04",4346.19
"fashion_bags_accessories","2017-05-24 10:11:27","2017","05",10546.03
"fashion_bags_accessories","2017-06-14 02:03:11","2017","06",8794.61
"fashion_bags_accessories","2017-07-30 21:20:32","2017","07",6872.16
"fashion_bags_accessories","2017-08-15 11:19:37","2017","08",9654.12
"fashion_bags_accessories","2017-09-29 09:32:17","2017","09",19896.329999999998
"fashion_bags_accessories","2017-10-17 15:58:05","2017","10",11832.57
"fashion_bags_accessories","2017-11-26 03:42:06","2017","11",18134.670000000002
"fashion_bags_accessories","2017-12-17 19:40:26","2017","12",13831.52
"fashion_bags_accessories","2018-01-09 11:19:49","2018","01",11064.26
"fashion_bags_accessories","2018-02-10 19:27:28","2018","02",13775.4
"fashion_bags_accessories","2018-03-30 20:27:16","2018","03",13479.39
"fashion_bags_accessories","2018-04-06 19:17:22","2018","04",13325.45
"fashion_bags_accessories","2018-05-21 13:31:41","2018","05",16335.27
"fashion_bags_accessories","2018-06-16 19:42:55","2018","06",10293.48
"fashion_bags_accessories","2018-07-16 08:52:35","2018","07",7271.87
"fashion_bags_accessories","2018-08-01 19:18:06","2018","08",10595.06
"fashion_childrens_clothes","2017-05-17 17:44:34","2017","05",124.52
"fashion_childrens_clothes","2017-06-08 16:46:33","2017","06",118.96
"fashion_childrens_clothes","2017-09-30 18:54:53","2017","09",107.06
"fashion_childrens_clothes","2017-10-08 23:51:49","2017","10",54.09
"fashion_childrens_clothes","2018-03-21 09:40:36","2018","03",216.87
"fashion_childrens_clothes","2018-06-03 22:34:58","2018","06",97.48
"fashion_male_clothing","2016-10-05 00:32:31","2016","10",35.86
"fashion_male_clothing","2017-01-21 22:41:08","2017","01",159.11
"fashion_male_clothing","2017-02-14 07:59:57","2017","02",644.99
"fashion_male_clothing","2017-03-01 20:50:51","2017","03",942.28
"fashion_male_clothing","2017-04-20 21:03:10","2017","04",437.39
"fashion_male_clothing","2017-05-19 18:36:42","2017","05",1097.54
"fashion_male_clothing","2017-06-01 19:08:30","2017","06",885.89
"fashion_male_clothing","2017-07-11 23:00:54","2017","07",1155.69
"fashion_male_clothing","2017-08-21 20:49:53","2017","08",1867.27
"fashion_male_clothing","2017-09-24 14:02:27","2017","09",2886.75
"fashion_male_clothing","2017-10-03 08:34:54","2017","10",1443.45
"fashion_male_clothing","2017-11-04 06:59:58","2017","11",1456.1299999999999
"fashion_male_clothing","2017-12-20 16:02:57","2017","12",532.14
"fashion_male_clothing","2018-01-04 19:08:46","2018","01",933.15
"fashion_male_clothing","2018-02-23 11:55:55","2018","02",446.86
"fashion_male_clothing","2018-04-26 17:32:49","2018","04",234.42
"fashion_male_clothing","2018-05-11 19:37:43","2018","05",149.87
"fashion_male_clothing","2018-06-26 21:26:08","2018","06",652.01
"fashion_male_clothing","2018-07-26 07:16:24","2018","07",295.68
"fashion_male_clothing","2018-08-08 23:05:02","2018","08",466.98
"fashion_shoes","2016-10-03 22:31:31","2016","10",40.95
"fashion_shoes","2017-01-20 22:11:31","2017","01",49.01
"fashion_shoes","2017-02-12 22:20:18","2017","02",268.77
"fashion_shoes","2017-03-07 16:37:01","2017","03",1875.37
"fashion_shoes","2017-04-29 20:09:24","2017","04",2408.79
"fashion_shoes","2017-05-03 08:19:20","2017","05",2014.89
"fashion_shoes","2017-06-18 19:51:54","2017","06",2166.95
"fashion_shoes","2017-07-21 13:26:25","2017","07",1708.71
"fashion_shoes","2017-08-18 00:12:37","2017","08",2746.13
"fashion_shoes","2017-09-06 21:18:14","2017","09",1524.77
"fashion_shoes","2017-10-14 13:59:48","2017","10",2587.86
"fashion_shoes","2017-11-13 10:07:36","2017","11",2329.92
"fashion_shoes","2017-12-19 23:15:17","2017","12",1449.3799999999999
"fashion_shoes","2018-01-29 21:34:59","2018","01",1438.97
"fashion_shoes","2018-02-22 15:03:52","2018","02",1339.52
"fashion_shoes","2018-03-06 15:28:00","2018","03",1286.57
"fashion_shoes","2018-04-01 14:44:33","2018","04",1717.97
"fashion_shoes","2018-05-02 09:27:02","2018","05",1788.57
"fashion_shoes","2018-06-01 13:38:34","2018","06",1450.18
"fashion_shoes","2018-07-20 17:36:10","2018","07",985.44
"fashion_shoes","2018-08-07 21:54:37","2018","08",577.21
"fashion_sport","2017-03-04 14:03:59","2017","03",54.01
"fashion_sport","2017-04-12 02:16:32","2017","04",332.21
"fashion_sport","2017-05-22 11:12:38","2017","05",179.48000000000002
"fashion_sport","2017-06-29 16:38:51","2017","06",567.4
"fashion_sport","2017-07-17 14:30:08","2017","07",77.68
"fashion_sport","2017-08-18 11:21:29","2017","08",389.44
"fashion_sport","2017-09-28 17:34:38","2017","09",1287.18
"fashion_sport","2017-10-10 20:33:18","2017","10",68.62
"fashion_sport","2017-11-15 20:43:15","2017","11",67.68
"fashion_sport","2017-12-11 19:30:26","2017","12",76.76
"fashion_sport","2018-01-11 22:12:55","2018","01",219.51999999999998
"fashion_sport","2018-03-18 20:16:55","2018","03",97.39
"fashion_sport","2018-04-05 20:37:14","2018","04",105.41
"fashion_sport","2018-08-19 20:46:26","2018","08",83.05
"fashion_underwear_beach","2017-01-22 11:08:52","2017","01",171.15
"fashion_underwear_beach","2017-02-09 10:51:03","2017","02",762.21
"fashion_underwear_beach","2017-03-17 00:36:10","2017","03",460.62
"fashion_underwear_beach","2017-04-09 22:51:08","2017","04",132.97
"fashion_underwear_beach","2017-05-18 12:41:57","2017","05",396.62
"fashion_underwear_beach","2017-06-22 13:45:08","2017","06",19
"fashion_underwear_beach","2017-07-20 22:51:02","2017","07",314.48
"fashion_underwear_beach","2017-08-28 18:04:17","2017","08",1308.87
"fashion_underwear_beach","2017-09-04 14:53:31","2017","09",2406.38
"fashion_underwear_beach","2017-10-30 16:51:17","2017","10",222.95
"fashion_underwear_beach","2017-11-27 15:31:56","2017","11",1391.8600000000001
"fashion_underwear_beach","2017-12-06 19:28:08","2017","12",1359.62
"fashion_underwear_beach","2018-01-10 22:36:31","2018","01",877.02
"fashion_underwear_beach","2018-02-20 15:50:21","2018","02",505.28999999999996
"fashion_underwear_beach","2018-03-04 11:30:18","2018","03",368.40999999999997
"fashion_underwear_beach","2018-04-12 15:28:54","2018","04",440.18
"fashion_underwear_beach","2018-05-11 13:10:51","2018","05",344.71999999999997
"fashion_underwear_beach","2018-06-01 00:39:55","2018","06",619.36
"fashion_underwear_beach","2018-07-04 09:33:56","2018","07",141.32999999999998
"fashion_underwear_beach","2018-08-09 09:12:58","2018","08",173.78
"fixed_telephony","2016-10-10 11:17:11","2016","10",774.45
"fixed_telephony","2017-01-25 12:21:10","2017","01",1192.56
"fixed_telephony","2017-02-12 18:48:56","2017","02",2421.49
"fixed_telephony","2017-03-20 10:48:56","2017","03",4082.89
"fixed_telephony","2017-04-26 13:08:05","2017","04",601.87
"fixed_telephony","2017-05-31 22:42:05","2017","05",594.35
"fixed_telephony","2017-06-16 23:17:41","2017","06",1148.48
"fixed_telephony","2017-07-30 07:27:12","2017","07",421.33000000000004
"fixed_telephony","2017-08-03 09:25:14","2017","08",5645.72
"fixed_telephony","2017-09-29 15:24:52","2017","09",109638.75
"fixed_telephony","2017-10-20 16:51:47","2017","10",4218.85
"fixed_telephony","2017-11-24 17:11:29","2017","11",1036.48
"fixed_telephony","2017-12-27 22:03:07","2017","12",1095.81
"fixed_telephony","2018-01-22 20:28:04","2018","01",2633.5499999999997
"fixed_telephony","2018-02-28 09:01:54","2018","02",8362.039999999999
"fixed_telephony","2018-03-24 16:14:29","2018","03",3027.78
"fixed_telephony","2018-04-06 07:59:23","2018","04",2696.18
"fixed_telephony","2018-05-21 13:16:36","2018","05",5188.17
"fixed_telephony","2018-06-25 19:36:04","2018","06",3183.7999999999997
"fixed_telephony","2018-07-24 18:10:05","2018","07",31482.82
"fixed_telephony","2018-08-01 07:19:59","2018","08",2891.02
"flowers","2017-11-07 02:55:51","2017","11",305.8
"flowers","2017-12-02 13:53:36","2017","12",112.97999999999999
"flowers","2018-01-18 16:33:51","2018","01",715.7
"flowers","2018-02-18 13:36:57","2018","02",187.7
"flowers","2018-03-29 09:11:53","2018","03",136.41
"flowers","2018-04-09 20:31:35","2018","04",353.94
"flowers","2018-05-01 15:28:31","2018","05",35.72
"flowers","2018-06-11 10:16:35","2018","06",281.4
"flowers","2018-07-18 20:57:45","2018","07",83.36
"food","2016-10-10 11:22:36","2016","10",96.23
"food","2017-01-27 22:02:29","2017","01",78.82
"food","2017-02-25 14:34:40","2017","02",875.25
"food","2017-03-15 16:34:04","2017","03",3364.11
"food","2017-04-08 17:19:02","2017","04",628.56
"food","2017-05-16 14:07:18","2017","05",452.25
"food","2017-06-16 08:51:44","2017","06",171.79
"food","2017-07-14 11:44:59","2017","07",850.17
"food","2017-08-27 02:41:09","2017","08",676.93
"food","2017-09-18 13:13:13","2017","09",1901.44
"food","2017-10-07 13:59:13","2017","10",1915.22
"food","2017-11-22 13:45:31","2017","11",1082.11
"food","2017-12-04 21:12:17","2017","12",1556.02
"food","2018-01-07 21:45:04","2018","01",1230.26
"food","2018-02-19 20:31:09","2018","02",3612.49
"food","2018-03-14 11:22:37","2018","03",2286.88
"food","2018-04-03 15:16:00","2018","04",2738.92
"food","2018-05-15 18:25:54","2018","05",3324.25
"food","2018-06-11 11:31:17","2018","06",1693.59
"food","2018-07-15 08:33:19","2018","07",5213.06
"food","2018-08-04 09:09:37","2018","08",11592.1
"food_drink","2017-03-15 20:14:39","2017","03",132.93
"food_drink","2017-04-12 20:12:42","2017","04",136.7
"food_drink","2017-05-29 08:19:41","2017","05",717.29
"food_drink","2017-06-06 11:53:12","2017","06",82.78
"food_drink","2017-07-11 22:11:02","2017","07",463.81
"food_drink","2017-08-29 13:53:14","2017","08",1176.28
"food_drink","2017-09-09 11:00:18","2017","09",1134.91
"food_drink","2017-10-06 08:32:49","2017","10",3262.99
"food_drink","2017-11-30 20:37:10","2017","11",3563.55
"food_drink","2017-12-07 18:38:48","2017","12",1719.18
"food_drink","2018-01-11 12:06:33","2018","01",582.46
"food_drink","2018-02-25 19:10:41","2018","02",1520.59
"food_drink","2018-03-09 10:23:05","2018","03",2833.57
"food_drink","2018-04-04 09:00:15","2018","04",1115.25
"food_drink","2018-05-25 22:04:28","2018","05",3961.06
"food_drink","2018-06-07 22:36:36","2018","06",724.13
"food_drink","2018-07-25 13:25:20","2018","07",1399.3200000000002
"food_drink","2018-08-23 19:14:36","2018","08",2082.63
"furniture_bedroom","2017-01-05 13:34:35","2017","01",148.76
"furniture_bedroom","2017-02-15 11:20:36","2017","02",501.88
"furniture_bedroom","2017-04-24 17:42:25","2017","04",831.36
"furniture_bedroom","2017-05-22 17:20:34","2017","05",6065.93
"furniture_bedroom","2017-06-06 10:42:51","2017","06",351.68
"furniture_bedroom","2017-07-24 23:21:33","2017","07",1368.65
"furniture_bedroom","2017-08-12 15:08:08","2017","08",702.36
"furniture_bedroom","2017-09-26 19:41:54","2017","09",1551.6399999999999
"furniture_bedroom","2017-10-06 09:42:10","2017","10",1099.3600000000001
"furniture_bedroom","2017-11-23 22:30:08","2017","11",1050.46
"furniture_bedroom","2017-12-29 20:33:35","2017","12",230.75
"furniture_bedroom","2018-01-01 20:49:02","2018","01",1097.6399999999999
"furniture_bedroom","2018-02-28 10:35:28","2018","02",1254.01
"furniture_bedroom","2018-03-21 11:47:29","2018","03",1265.69
"furniture_bedroom","2018-04-03 01:16:22","2018","04",2026.75
"furniture_bedroom","2018-05-14 19:08:11","2018","05",2065.87
"furniture_bedroom","2018-06-20 15:02:35","2018","06",2302.83
"furniture_bedroom","2018-07-26 09:20:03","2018","07",2627.57
"furniture_bedroom","2018-08-20 20:30:09","2018","08",3514.04
"furniture_decor","2016-10-04 14:13:22","2016","10",10699.61
"furniture_decor","2017-01-23 18:29:09","2017","01",27284.98
"furniture_decor","2017-02-23 08:03:00","2017","02",34560.23
"furniture_decor","2017-03-13 18:14:36","2017","03",39297.76
"furniture_decor","2017-04-30 11:21:39","2017","04",32258.09
"furniture_decor","2017-05-19 18:13:54","2017","05",38799.15
"furniture_decor","2017-06-02 12:57:15","2017","06",39434.590000000004
"furniture_decor","2017-07-11 17:46:45","2017","07",46223.08
"furniture_decor","2017-08-31 08:15:24","2017","08",65993.12
"furniture_decor","2017-09-10 22:32:14","2017","09",53143.54
"furniture_decor","2017-10-31 09:59:07","2017","10",63830.98
"furniture_decor","2017-11-22 11:32:22","2017","11",153085
"furniture_decor","2017-12-12 13:56:04","2017","12",55153.97
"furniture_decor","2018-01-22 19:22:22","2018","01",98050.93
"furniture_decor","2018-02-06 21:09:10","2018","02",64442.39
"furniture_decor","2018-03-15 20:23:45","2018","03",123172.9
"furniture_decor","2018-04-16 21:07:16","2018","04",104412.02
"furniture_decor","2018-05-17 16:59:11","2018","05",101114.46
"furniture_decor","2018-06-15 21:45:12","2018","06",74444.01
"furniture_decor","2018-07-13 15:45:51","2018","07",87132.08
"furniture_decor","2018-08-01 16:54:38","2018","08",81934.04
"furniture_living_room","2017-01-30 17:36:05","2017","01",2028.6599999999999
"furniture_living_room","2017-02-02 23:24:24","2017","02",10494.92
"furniture_living_room","2017-03-18 15:22:19","2017","03",8288.47
"furniture_living_room","2017-04-07 19:24:58","2017","04",2782.07
"furniture_living_room","2017-05-02 14:07:29","2017","05",6948.83
"furniture_living_room","2017-06-10 18:08:15","2017","06",3057.27
"furniture_living_room","2017-07-27 09:24:18","2017","07",6028.27
"furniture_living_room","2017-08-15 11:14:25","2017","08",3419.82
"furniture_living_room","2017-09-17 11:47:07","2017","09",1562.83
"furniture_living_room","2017-10-09 15:08:45","2017","10",2948.58
"furniture_living_room","2017-11-28 00:37:52","2017","11",20826.13
"furniture_living_room","2017-12-03 22:28:45","2017","12",3855.16
"furniture_living_room","2018-01-21 11:13:57","2018","01",3084.84
"furniture_living_room","2018-02-20 08:12:25","2018","02",14030.94
"furniture_living_room","2018-03-12 15:51:19","2018","03",4279.8
"furniture_living_room","2018-04-25 21:36:51","2018","04",9862.39
"furniture_living_room","2018-05-31 10:16:12","2018","05",6591.969999999999
"furniture_living_room","2018-06-20 16:44:28","2018","06",4919
"furniture_living_room","2018-07-16 15:32:50","2018","07",11763.56
"furniture_living_room","2018-08-05 21:34:54","2018","08",7525.6
"furniture_mattress_and_upholstery","2017-04-28 11:42:52","2017","04",130.8
"furniture_mattress_and_upholstery","2017-05-31 18:30:03","2017","05",731.88
"furniture_mattress_and_upholstery","2017-07-18 10:49:39","2017","07",178.53
"furniture_mattress_and_upholstery","2017-08-16 16:24:17","2017","08",633.66
"furniture_mattress_and_upholstery","2017-09-16 15:59:21","2017","09",133.82
"furniture_mattress_and_upholstery","2017-11-27 23:57:41","2017","11",412.81
"furniture_mattress_and_upholstery","2017-12-18 19:36:46","2017","12",1088.3999999999999
"furniture_mattress_and_upholstery","2018-01-18 00:19:41","2018","01",1270.4
"furniture_mattress_and_upholstery","2018-02-22 09:40:07","2018","02",597.69
"furniture_mattress_and_upholstery","2018-03-18 14:49:40","2018","03",584.9300000000001
"furniture_mattress_and_upholstery","2018-07-03 21:56:54","2018","07",141.83
"garden_tools","2016-10-08 13:54:03","2016","10",1465.19
"garden_tools","2017-01-26 16:25:36","2017","01",20545.84
"garden_tools","2017-02-04 19:06:04","2017","02",16872.73
"garden_tools","2017-03-06 00:14:28","2017","03",36165.04
"garden_tools","2017-04-06 13:44:08","2017","04",23386.15
"garden_tools","2017-05-16 19:41:10","2017","05",27590.93
"garden_tools","2017-06-27 10:44:47","2017","06",20834.18
"garden_tools","2017-07-31 20:47:50","2017","07",30152.84
"garden_tools","2017-08-21 00:01:31","2017","08",37037.53
"garden_tools","2017-09-11 11:50:32","2017","09",40066.31
"garden_tools","2017-10-09 19:42:43","2017","10",51097.21
"garden_tools","2017-11-27 19:24:52","2017","11",90664.83
"garden_tools","2017-12-10 16:46:22","2017","12",66172.05
"garden_tools","2018-01-21 08:10:23","2018","01",39387.1
"garden_tools","2018-02-25 13:50:30","2018","02",47579.45
"garden_tools","2018-03-29 15:08:14","2018","03",52416.51
"garden_tools","2018-04-12 09:52:07","2018","04",52407.05
"garden_tools","2018-05-18 11:26:45","2018","05",58515.68
"garden_tools","2018-06-19 13:22:15","2018","06",33022.27
"garden_tools","2018-07-16 11:56:49","2018","07",39028.17
"garden_tools","2018-08-12 12:04:03","2018","08",26207.87
"health_beauty","2016-10-06 11:05:43","2016","10",4694.69
"health_beauty","2017-01-28 23:45:53","2017","01",14248.86
"health_beauty","2017-02-20 11:45:39","2017","02",27708.9
"health_beauty","2017-03-15 15:54:53","2017","03",32140.54
"health_beauty","2017-04-06 22:39:29","2017","04",27564.76
"health_beauty","2017-05-05 13:48:37","2017","05",59197.21
"health_beauty","2017-06-17 13:16:44","2017","06",42462.66
"health_beauty","2017-07-30 03:06:35","2017","07",48759.75
"health_beauty","2017-08-02 15:36:19","2017","08",59667.25
"health_beauty","2017-09-18 14:31:30","2017","09",66840.13
"health_beauty","2017-10-19 15:08:48","2017","10",51836.31
"health_beauty","2017-11-11 22:16:49","2017","11",101356.83
"health_beauty","2017-12-02 14:28:03","2017","12",75805.06
"health_beauty","2018-01-09 06:37:43","2018","01",92201.41
"health_beauty","2018-02-21 13:18:37","2018","02",107881.45
"health_beauty","2018-03-15 08:52:40","2018","03",107440.6
"health_beauty","2018-04-26 09:49:09","2018","04",119457.92
"health_beauty","2018-05-25 08:54:21","2018","05",135334.34
"health_beauty","2018-06-01 12:23:13","2018","06",143591.17
"health_beauty","2018-07-30 22:41:44","2018","07",144430.48
"health_beauty","2018-08-01 10:48:19","2018","08",158063.72
"home_appliances","2017-02-12 14:14:09","2017","02",855.4
"home_appliances","2017-03-19 16:18:45","2017","03",555.85
"home_appliances","2017-04-04 18:43:32","2017","04",730.41
"home_appliances","2017-05-03 15:55:07","2017","05",2371.0299999999997
"home_appliances","2017-06-14 23:41:17","2017","06",3239.6
"home_appliances","2017-07-28 21:11:08","2017","07",4336.18
"home_appliances","2017-08-30 06:22:58","2017","08",4744.9
"home_appliances","2017-09-30 15:56:56","2017","09",2197.28
"home_appliances","2017-10-18 23:21:35","2017","10",2091.71
"home_appliances","2017-11-16 13:53:55","2017","11",5069.98
"home_appliances","2017-12-07 21:22:02","2017","12",1672.84
"home_appliances","2018-01-09 19:59:13","2018","01",2158.9900000000002
"home_appliances","2018-02-21 12:22:01","2018","02",6454.46
"home_appliances","2018-03-14 15:15:19","2018","03",11350.26
"home_appliances","2018-04-15 19:42:06","2018","04",17223.2
"home_appliances","2018-05-18 14:14:10","2018","05",7442.650000000001
"home_appliances","2018-06-25 15:36:18","2018","06",7142.21
"home_appliances","2018-07-14 16:32:00","2018","07",6405.16
"home_appliances","2018-08-10 12:48:28","2018","08",7801.51
"home_appliances_2","2017-01-31 08:44:00","2017","01",2081.68
"home_appliances_2","2017-02-03 21:54:21","2017","02",30.11
"home_appliances_2","2017-03-15 23:23:17","2017","03",568.43
"home_appliances_2","2017-04-18 15:26:30","2017","04",946.97
"home_appliances_2","2017-05-25 13:50:11","2017","05",1587.47
"home_appliances_2","2017-06-05 22:38:03","2017","06",1435.0700000000002
"home_appliances_2","2017-07-24 19:22:18","2017","07",1306.8799999999999
"home_appliances_2","2017-08-22 12:49:28","2017","08",4355.28
"home_appliances_2","2017-09-23 22:19:48","2017","09",1971.62
"home_appliances_2","2017-10-22 16:53:20","2017","10",2444.64
"home_appliances_2","2017-11-24 18:41:54","2017","11",5428.5
"home_appliances_2","2017-12-09 23:17:50","2017","12",2272.45
"home_appliances_2","2018-01-31 10:09:09","2018","01",9224.57
"home_appliances_2","2018-02-27 13:26:15","2018","02",9986.74
"home_appliances_2","2018-03-06 17:12:14","2018","03",6085.99
"home_appliances_2","2018-04-18 15:40:36","2018","04",21959.04
"home_appliances_2","2018-05-19 18:43:01","2018","05",15597.83
"home_appliances_2","2018-06-24 13:49:51","2018","06",9175.46
"home_appliances_2","2018-07-09 08:40:38","2018","07",14146.81
"home_appliances_2","2018-08-08 22:32:21","2018","08",8248.52
"home_comfort_2","2017-01-25 16:57:30","2017","01",95.57
"home_comfort_2","2017-03-30 00:23:35","2017","03",390.89
"home_comfort_2","2017-04-07 11:05:48","2017","04",23.86
"home_comfort_2","2017-06-10 12:09:35","2017","06",28
"home_comfort_2","2017-07-02 18:35:58","2017","07",28
"home_comfort_2","2017-08-31 18:54:14","2017","08",221.97
"home_comfort_2","2017-09-07 23:09:05","2017","09",29.69
"home_comfort_2","2017-10-17 19:31:12","2017","10",308
"home_comfort_2","2017-11-20 19:57:03","2017","11",80.75
"home_comfort_2","2018-02-25 10:07:24","2018","02",140
"home_comfort_2","2018-03-05 16:24:44","2018","03",44.33
"home_comfort_2","2018-04-07 15:38:53","2018","04",78.06
"home_comfort_2","2018-06-08 09:34:48","2018","06",102.76
"home_comfort_2","2018-07-28 14:44:00","2018","07",138.66
"home_confort","2017-02-16 16:26:26","2017","02",471.27
"home_confort","2017-03-27 10:56:32","2017","03",3273.69
"home_confort","2017-04-04 22:28:42","2017","04",2911.26
"home_confort","2017-05-15 17:42:38","2017","05",6385.45
"home_confort","2017-06-29 00:10:49","2017","06",3384.9
"home_confort","2017-07-03 13:20:54","2017","07",8718.31
"home_confort","2017-08-04 10:46:33","2017","08",5422
"home_confort","2017-09-11 19:42:40","2017","09",8970.01
"home_confort","2017-10-11 14:49:49","2017","10",4774.6900000000005
"home_confort","2017-11-24 23:44:45","2017","11",9077.26
"home_confort","2017-12-04 11:10:27","2017","12",2805.14
"home_confort","2018-01-20 12:31:43","2018","01",3847.89
"home_confort","2018-02-08 10:50:20","2018","02",3852.36
"home_confort","2018-03-29 14:29:44","2018","03",3242.83
"home_confort","2018-04-02 12:49:12","2018","04",3209.13
"home_confort","2018-05-07 19:19:26","2018","05",4044.52
"home_confort","2018-06-24 23:35:31","2018","06",2930.84
"home_confort","2018-07-20 12:25:03","2018","07",3582.92
"home_confort","2018-08-11 19:25:27","2018","08",2789.54
"home_construction","2017-02-18 15:30:49","2017","02",1174.67
"home_construction","2017-03-24 09:12:05","2017","03",1489.99
"home_construction","2017-04-12 13:45:31","2017","04",1696.94
"home_construction","2017-05-18 08:40:01","2017","05",3358.43
"home_construction","2017-06-12 11:00:02","2017","06",7404.780000000001
"home_construction","2017-07-27 08:44:16","2017","07",247.6
"home_construction","2017-08-16 19:55:22","2017","08",141.43
"home_construction","2017-09-13 15:07:45","2017","09",3127.7200000000003
"home_construction","2017-10-15 22:41:59","2017","10",5697.86
"home_construction","2017-11-26 12:15:07","2017","11",6636.73
"home_construction","2017-12-10 16:46:22","2017","12",10791.75
"home_construction","2018-01-28 22:17:22","2018","01",11254.11
"home_construction","2018-02-25 14:17:14","2018","02",8168
"home_construction","2018-03-24 09:22:32","2018","03",8147.3
"home_construction","2018-04-02 13:01:06","2018","04",14205.78
"home_construction","2018-05-13 22:50:32","2018","05",17503.63
"home_construction","2018-06-11 14:59:24","2018","06",14407.87
"home_construction","2018-07-08 22:01:30","2018","07",9611.15
"home_construction","2018-08-06 10:11:21","2018","08",9550.5
"housewares","2016-10-09 13:31:57","2016","10",2736.52
"housewares","2017-01-22 16:10:09","2017","01",4517.62
"housewares","2017-02-21 15:32:27","2017","02",13846.77
"housewares","2017-03-14 16:25:43","2017","03",24483.74
"housewares","2017-04-20 17:15:46","2017","04",22936.85
"housewares","2017-05-26 18:35:51","2017","05",39336.17
"housewares","2017-06-27 23:11:57","2017","06",38381.41
"housewares","2017-07-10 18:12:09","2017","07",36239.99
"housewares","2017-08-09 21:43:53","2017","08",36525.62
"housewares","2017-09-27 12:07:22","2017","09",29680.4
"housewares","2017-10-02 10:56:33","2017","10",31103.260000000002
"housewares","2017-11-24 21:27:48","2017","11",61761.4
"housewares","2017-12-17 11:25:52","2017","12",39626.67
"housewares","2018-01-23 10:32:39","2018","01",60364.86
"housewares","2018-02-03 10:51:17","2018","02",56627.840000000004
"housewares","2018-03-08 15:59:11","2018","03",74237.14
"housewares","2018-04-30 20:24:33","2018","04",68526.43
"housewares","2018-05-27 17:59:00","2018","05",126420.62
"housewares","2018-06-08 12:19:58","2018","06",94628.6
"housewares","2018-07-13 15:45:51","2018","07",121474.3
"housewares","2018-08-26 11:04:26","2018","08",86331.76
"industry_commerce_and_business","2016-10-07 14:42:24","2016","10",640.78
"industry_commerce_and_business","2017-02-26 14:56:42","2017","02",134.94
"industry_commerce_and_business","2017-03-01 14:31:03","2017","03",282.03
"industry_commerce_and_business","2017-05-07 14:04:26","2017","05",552.22
"industry_commerce_and_business","2017-06-04 01:07:50","2017","06",342.16999999999996
"industry_commerce_and_business","2017-07-14 17:24:44","2017","07",352.25
"industry_commerce_and_business","2017-08-19 14:49:51","2017","08",1043.95
"industry_commerce_and_business","2017-09-28 18:07:58","2017","09",251.71
"industry_commerce_and_business","2017-10-13 10:32:31","2017","10",2468.18
"industry_commerce_and_business","2017-11-30 14:47:28","2017","11",2245.28
"industry_commerce_and_business","2017-12-13 07:40:14","2017","12",2009.86
"industry_commerce_and_business","2018-01-05 09:43:00","2018","01",3943.9500000000003
"industry_commerce_and_business","2018-02-15 11:58:49","2018","02",7113.88
"industry_commerce_and_business","2018-03-14 15:55:57","2018","03",4521.85
"industry_commerce_and_business","2018-04-10 22:48:52","2018","04",8680.86
"industry_commerce_and_business","2018-05-15 12:48:11","2018","05",6567.38
"industry_commerce_and_business","2018-06-13 22:04:23","2018","06",5321.7699999999995
"industry_commerce_and_business","2018-07-22 22:30:05","2018","07",5832.46
"industry_commerce_and_business","2018-08-08 17:31:13","2018","08",2965.29
"kitchen_dining_laundry_garden_furniture","2017-01-26 00:20:22","2017","01",128.2
"kitchen_dining_laundry_garden_furniture","2017-02-27 19:54:44","2017","02",178.33
"kitchen_dining_laundry_garden_furniture","2017-03-08 16:34:25","2017","03",169.05
"kitchen_dining_laundry_garden_furniture","2017-04-14 15:38:54","2017","04",1478.98
"kitchen_dining_laundry_garden_furniture","2017-05-15 17:58:25","2017","05",1637.21
"kitchen_dining_laundry_garden_furniture","2017-06-07 07:58:09","2017","06",542.59
"kitchen_dining_laundry_garden_furniture","2017-07-12 11:49:20","2017","07",2202.94
"kitchen_dining_laundry_garden_furniture","2017-08-02 15:18:38","2017","08",1231.29
"kitchen_dining_laundry_garden_furniture","2017-09-13 15:04:22","2017","09",527.88
"kitchen_dining_laundry_garden_furniture","2017-10-22 14:46:44","2017","10",5820.37
"kitchen_dining_laundry_garden_furniture","2017-11-29 11:24:18","2017","11",8032.63
"kitchen_dining_laundry_garden_furniture","2017-12-01 16:26:45","2017","12",7481.099999999999
"kitchen_dining_laundry_garden_furniture","2018-01-03 16:29:52","2018","01",6334.639999999999
"kitchen_dining_laundry_garden_furniture","2018-02-02 09:32:53","2018","02",6957.76
"kitchen_dining_laundry_garden_furniture","2018-03-27 23:53:33","2018","03",3602.02
"kitchen_dining_laundry_garden_furniture","2018-04-16 23:12:40","2018","04",4716.65
"kitchen_dining_laundry_garden_furniture","2018-05-24 19:20:21","2018","05",4404.22
"kitchen_dining_laundry_garden_furniture","2018-06-27 16:57:28","2018","06",9763.08
"kitchen_dining_laundry_garden_furniture","2018-07-27 15:02:44","2018","07",4882.4800000000005
"kitchen_dining_laundry_garden_furniture","2018-08-08 10:49:59","2018","08",3314.73
"la_cuisine","2017-04-09 20:04:37","2017","04",63.25
"la_cuisine","2017-05-27 14:03:20","2017","05",232.19
"la_cuisine","2017-07-18 23:55:46","2017","07",559.23
"la_cuisine","2017-08-28 09:48:01","2017","08",373.52
"la_cuisine","2017-10-02 08:24:12","2017","10",160.83
"la_cuisine","2017-11-29 16:42:28","2017","11",299.54
"la_cuisine","2018-01-01 17:03:13","2018","01",130.03
"la_cuisine","2018-03-31 19:17:43","2018","03",426.7
"la_cuisine","2018-04-17 21:01:58","2018","04",668.24
"luggage_accessories","2017-01-26 17:40:03","2017","01",704.28
"luggage_accessories","2017-02-01 20:59:12","2017","02",2427.13
"luggage_accessories","2017-03-21 21:40:41","2017","03",7937.66
"luggage_accessories","2017-04-28 14:20:07","2017","04",9195.17
"luggage_accessories","2017-05-09 20:57:22","2017","05",16727.2
"luggage_accessories","2017-06-27 17:58:14","2017","06",10400.32
"luggage_accessories","2017-07-10 12:23:05","2017","07",10927.07
"luggage_accessories","2017-08-10 21:49:45","2017","08",9303.74
"luggage_accessories","2017-09-10 17:57:28","2017","09",4937.75
"luggage_accessories","2017-10-03 23:44:39","2017","10",8373.87
"luggage_accessories","2017-11-16 23:40:17","2017","11",12318.45
"luggage_accessories","2017-12-27 22:37:02","2017","12",7657.36
"luggage_accessories","2018-01-18 20:07:53","2018","01",22892.69
"luggage_accessories","2018-02-09 17:42:05","2018","02",7868.29
"luggage_accessories","2018-03-11 22:14:38","2018","03",9118.97
"luggage_accessories","2018-04-22 08:48:13","2018","04",11716.35
"luggage_accessories","2018-05-07 01:09:09","2018","05",10435.89
"luggage_accessories","2018-06-09 14:08:25","2018","06",6193.34
"luggage_accessories","2018-07-28 20:07:49","2018","07",7298.25
"luggage_accessories","2018-08-21 17:10:10","2018","08",8620.42
"market_place","2016-10-07 14:42:07","2016","10",4518.64
"market_place","2017-01-18 17:20:39","2017","01",504.36
"market_place","2017-02-11 14:45:06","2017","02",2635.49
"market_place","2017-03-09 22:17:49","2017","03",2079.92
"market_place","2017-04-23 21:14:56","2017","04",4479.02
"market_place","2017-05-16 21:30:59","2017","05",3267.52
"market_place","2017-06-23 08:45:21","2017","06",1645.84
"market_place","2017-07-10 20:18:33","2017","07",1860.25
"market_place","2017-08-16 23:37:36","2017","08",2616.64
"market_place","2017-09-11 07:54:38","2017","09",1349.62
"market_place","2017-10-11 11:41:40","2017","10",1560.1200000000001
"market_place","2017-11-26 09:55:23","2017","11",2588.61
"market_place","2017-12-16 11:45:11","2017","12",1247.17
"market_place","2018-01-15 13:24:53","2018","01",3685.95
"market_place","2018-02-01 17:15:54","2018","02",4168.18
"market_place","2018-03-04 20:20:27","2018","03",2138.84
"market_place","2018-04-16 21:41:20","2018","04",844.83
"market_place","2018-05-10 20:50:49","2018","05",1360.67
"market_place","2018-06-14 10:45:17","2018","06",678.79
"market_place","2018-07-26 10:50:55","2018","07",277.34000000000003
"market_place","2018-08-14 14:49:15","2018","08",1107.97
"music","2017-01-05 13:48:48","2017","01",37.24
"music","2017-03-06 15:45:35","2017","03",42.51
"music","2017-04-11 12:46:10","2017","04",88.84
"music","2017-06-28 10:30:03","2017","06",1141.1200000000001
"music","2017-07-07 11:17:21","2017","07",350.54
"music","2017-10-16 01:17:13","2017","10",70.03
"music","2018-01-08 21:47:00","2018","01",40.07
"music","2018-02-23 17:59:57","2018","02",277.24
"music","2018-03-30 13:36:43","2018","03",397.68
"music","2018-04-29 18:46:11","2018","04",1842.06
"music","2018-05-08 19:48:36","2018","05",968.65
"music","2018-06-13 09:22:10","2018","06",169.56
"music","2018-07-02 21:45:09","2018","07",893.28
"music","2018-08-19 12:40:19","2018","08",582.61
"musical_instruments","2017-01-27 18:16:50","2017","01",357.74
"musical_instruments","2017-02-03 10:09:40","2017","02",2850.17
"musical_instruments","2017-03-28 18:48:20","2017","03",2241.23
"musical_instruments","2017-04-19 17:38:38","2017","04",4114.27
"musical_instruments","2017-05-11 22:41:34","2017","05",10383.32
"musical_instruments","2017-06-22 15:36:58","2017","06",6647.38
"musical_instruments","2017-07-29 11:14:49","2017","07",8699.53
"musical_instruments","2017-08-21 15:54:53","2017","08",7822.98
"musical_instruments","2017-09-02 23:23:01","2017","09",14638.16
"musical_instruments","2017-10-20 13:15:37","2017","10",6765.82
"musical_instruments","2017-11-03 12:56:49","2017","11",17278.29
"musical_instruments","2017-12-08 17:03:24","2017","12",12223.19
"musical_instruments","2018-01-13 15:43:58","2018","01",16862.23
"musical_instruments","2018-02-04 19:34:05","2018","02",12331.78
"musical_instruments","2018-03-07 23:00:33","2018","03",11797.51
"musical_instruments","2018-04-24 01:39:06","2018","04",21695.78
"musical_instruments","2018-05-16 10:58:56","2018","05",21185.59
"musical_instruments","2018-06-09 18:56:00","2018","06",18191.9
"musical_instruments","2018-07-25 07:39:35","2018","07",12976.04
"musical_instruments","2018-08-06 16:59:58","2018","08",12055.25
"office_furniture","2016-10-10 15:01:27","2016","10",1587.55
"office_furniture","2017-01-31 23:37:58","2017","01",2128.08
"office_furniture","2017-02-11 10:53:48","2017","02",17043.72
"office_furniture","2017-03-30 14:46:00","2017","03",20193.92
"office_furniture","2017-04-08 13:01:30","2017","04",15113.84
"office_furniture","2017-05-29 12:35:44","2017","05",19260.31
"office_furniture","2017-06-30 18:12:15","2017","06",11776.800000000001
"office_furniture","2017-07-29 11:55:02","2017","07",29612.1
"office_furniture","2017-08-31 09:31:20","2017","08",18389.31
"office_furniture","2017-09-23 10:46:05","2017","09",29901.64
"office_furniture","2017-10-16 14:56:50","2017","10",62897.119999999995
"office_furniture","2017-11-11 17:46:35","2017","11",45469.68
"office_furniture","2017-12-13 17:16:26","2017","12",13561.77
"office_furniture","2018-01-10 21:12:16","2018","01",41946.53
"office_furniture","2018-02-24 08:45:01","2018","02",62229.45
"office_furniture","2018-03-31 14:20:46","2018","03",71269.4
"office_furniture","2018-04-15 17:18:21","2018","04",65528.82
"office_furniture","2018-05-23 14:21:17","2018","05",44258.86
"office_furniture","2018-06-28 10:28:34","2018","06",22449.36
"office_furniture","2018-07-21 08:41:25","2018","07",30146.55
"office_furniture","2018-08-01 16:37:54","2018","08",11360.07
"party_supplies","2017-07-29 20:01:05","2017","07",83.41
"party_supplies","2017-09-14 09:51:02","2017","09",606.4
"party_supplies","2017-10-23 15:35:33","2017","10",163.87
"party_supplies","2017-11-17 21:13:13","2017","11",906.57
"party_supplies","2017-12-04 17:24:57","2017","12",549.92
"party_supplies","2018-01-15 23:58:47","2018","01",170.26
"party_supplies","2018-03-02 15:27:34","2018","03",1138.79
"party_supplies","2018-04-14 20:18:00","2018","04",160.52
"party_supplies","2018-05-29 00:14:52","2018","05",258.36
"party_supplies","2018-06-04 00:18:20","2018","06",112.38
"party_supplies","2018-07-17 09:13:07","2018","07",84.36
"party_supplies","2018-08-11 17:13:35","2018","08",1703.7
"perfumery","2016-10-07 00:54:40","2016","10",6213.360000000001
"perfumery","2017-01-31 17:14:07","2017","01",6281.849999999999
"perfumery","2017-02-24 11:24:17","2017","02",9129.52
"perfumery","2017-03-19 23:15:51","2017","03",22021
"perfumery","2017-04-07 10:07:39","2017","04",22734.91
"perfumery","2017-05-18 20:59:24","2017","05",25389.920000000002
"perfumery","2017-06-08 21:18:45","2017","06",28937.829999999998
"perfumery","2017-07-08 14:12:08","2017","07",16263.789999999999
"perfumery","2017-08-22 23:46:00","2017","08",17533.29
"perfumery","2017-09-15 09:19:48","2017","09",20093.79
"perfumery","2017-10-31 21:47:13","2017","10",21605.96
"perfumery","2017-11-24 01:34:00","2017","11",39100.98
"perfumery","2017-12-05 10:34:52","2017","12",31466.43
"perfumery","2018-01-31 13:21:44","2018","01",25929.65
"perfumery","2018-02-01 12:31:21","2018","02",27280.55
"perfumery","2018-03-12 01:50:26","2018","03",26433.8
"perfumery","2018-04-17 11:25:39","2018","04",22296.01
"perfumery","2018-05-03 12:49:12","2018","05",31409.1
"perfumery","2018-06-07 10:06:19","2018","06",35104.25
"perfumery","2018-07-24 20:41:37","2018","07",29015.13
"perfumery","2018-08-08 21:11:25","2018","08",32022.48
"pet_shop","2016-10-06 12:22:07","2016","10",775.86
"pet_shop","2017-01-05 15:25:10","2017","01",1350.88
"pet_shop","2017-02-28 17:28:52","2017","02",5075.67
"pet_shop","2017-03-25 21:22:15","2017","03",11027.26
"pet_shop","2017-04-18 16:00:31","2017","04",8662.46
"pet_shop","2017-05-06 12:28:42","2017","05",10507.39
"pet_shop","2017-06-05 08:45:30","2017","06",6750.09
"pet_shop","2017-07-14 10:38:34","2017","07",11602.47
"pet_shop","2017-08-31 05:31:43","2017","08",14606.59
"pet_shop","2017-09-21 22:00:36","2017","09",14397.09
"pet_shop","2017-10-05 05:23:47","2017","10",12323.16
"pet_shop","2017-11-18 19:28:06","2017","11",16521.7
"pet_shop","2017-12-09 19:11:22","2017","12",9481.01
"pet_shop","2018-01-24 14:19:05","2018","01",15396.66
"pet_shop","2018-02-25 19:13:33","2018","02",14865.92
"pet_shop","2018-03-30 23:11:40","2018","03",19144.02
"pet_shop","2018-04-18 13:13:47","2018","04",25932.21
"pet_shop","2018-05-15 19:55:51","2018","05",15630.43
"pet_shop","2018-06-21 15:42:55","2018","06",31558.54
"pet_shop","2018-07-04 17:15:18","2018","07",27512.66
"pet_shop","2018-08-13 14:16:15","2018","08",34594.29
"security_and_services","2017-01-26 11:09:00","2017","01",209.06
"security_and_services","2017-09-17 16:51:43","2017","09",115.45
"signaling_and_security","2017-03-27 19:30:45","2017","03",91.23
"signaling_and_security","2017-04-09 13:59:57","2017","04",183.64999999999998
"signaling_and_security","2017-05-09 10:19:17","2017","05",1409.82
"signaling_and_security","2017-06-10 10:24:21","2017","06",186.95
"signaling_and_security","2017-07-27 08:45:34","2017","07",992.68
"signaling_and_security","2017-08-11 16:23:44","2017","08",443.47
"signaling_and_security","2017-09-29 14:18:25","2017","09",908.35
"signaling_and_security","2017-10-02 21:11:56","2017","10",1103.9
"signaling_and_security","2017-11-09 15:19:46","2017","11",1739.35
"signaling_and_security","2017-12-12 09:58:26","2017","12",842.4399999999999
"signaling_and_security","2018-01-25 17:42:22","2018","01",1791.09
"signaling_and_security","2018-02-20 22:34:23","2018","02",1617.31
"signaling_and_security","2018-03-06 15:37:16","2018","03",1354.72
"signaling_and_security","2018-04-28 18:51:34","2018","04",4562.74
"signaling_and_security","2018-05-05 16:35:57","2018","05",1299.53
"signaling_and_security","2018-06-15 00:02:47","2018","06",24408.460000000003
"signaling_and_security","2018-07-12 10:40:34","2018","07",21965.65
"signaling_and_security","2018-08-13 15:43:16","2018","08",3362.25
"small_appliances","2017-01-12 23:42:50","2017","01",1788.25
"small_appliances","2017-02-04 20:09:10","2017","02",8802.29
"small_appliances","2017-03-09 17:26:26","2017","03",12033.130000000001
"small_appliances","2017-04-21 17:49:46","2017","04",24045.81
"small_appliances","2017-05-12 20:43:44","2017","05",6217.03
"small_appliances","2017-06-15 15:00:43","2017","06",10342.28
"small_appliances","2017-07-25 10:08:22","2017","07",5152.0599999999995
"small_appliances","2017-08-14 18:54:04","2017","08",5179.68
"small_appliances","2017-09-13 20:30:02","2017","09",11334.28
"small_appliances","2017-10-12 13:33:22","2017","10",7434.5
"small_appliances","2017-11-29 13:49:23","2017","11",7656.64
"small_appliances","2017-12-02 00:25:01","2017","12",8175.320000000001
"small_appliances","2018-01-30 21:10:13","2018","01",17190.05
"small_appliances","2018-02-12 18:10:07","2018","02",6216.42
"small_appliances","2018-03-16 18:05:28","2018","03",15480.61
"small_appliances","2018-04-01 18:27:01","2018","04",13816.89
"small_appliances","2018-05-07 20:57:42","2018","05",14874.960000000001
"small_appliances","2018-06-26 13:42:52","2018","06",22469.65
"small_appliances","2018-07-17 10:34:08","2018","07",11973.08
"small_appliances","2018-08-06 18:45:01","2018","08",6841.09
"small_appliances_home_oven_and_coffee","2017-06-30 10:13:23","2017","06",88.65
"small_appliances_home_oven_and_coffee","2017-08-13 22:11:21","2017","08",33.75
"small_appliances_home_oven_and_coffee","2017-09-05 13:48:17","2017","09",673.47
"small_appliances_home_oven_and_coffee","2018-01-13 15:09:33","2018","01",385.13
"small_appliances_home_oven_and_coffee","2018-02-17 15:57:48","2018","02",3213.6400000000003
"small_appliances_home_oven_and_coffee","2018-03-29 17:45:05","2018","03",8220.48
"small_appliances_home_oven_and_coffee","2018-04-30 09:38:14","2018","04",13921.62
"small_appliances_home_oven_and_coffee","2018-05-24 00:52:36","2018","05",10474.54
"small_appliances_home_oven_and_coffee","2018-06-12 10:17:58","2018","06",3672.13
"small_appliances_home_oven_and_coffee","2018-07-07 12:56:12","2018","07",6184.26
"small_appliances_home_oven_and_coffee","2018-08-01 13:52:56","2018","08",3413.98
"sports_leisure","2016-10-05 15:17:57","2016","10",2490.76
"sports_leisure","2017-01-25 15:47:27","2017","01",16342.44
"sports_leisure","2017-02-26 17:33:51","2017","02",21632.42
"sports_leisure","2017-03-28 16:03:34","2017","03",35366.41
"sports_leisure","2017-04-14 22:06:32","2017","04",30976.55
"sports_leisure","2017-05-14 20:28:25","2017","05",51543.09
"sports_leisure","2017-06-13 21:11:26","2017","06",42151.99
"sports_leisure","2017-07-24 17:19:00","2017","07",55380.35
"sports_leisure","2017-08-04 17:10:39","2017","08",59254.17
"sports_leisure","2017-09-12 16:32:09","2017","09",72653.14
"sports_leisure","2017-10-18 16:44:45","2017","10",64983.1
"sports_leisure","2017-11-15 11:31:41","2017","11",86240.63
"sports_leisure","2017-12-08 09:42:43","2017","12",83243.43000000001
"sports_leisure","2018-01-30 07:51:17","2018","01",119566.55
"sports_leisure","2018-02-10 11:48:42","2018","02",101187.35
"sports_leisure","2018-03-26 09:14:26","2018","03",117645.3
"sports_leisure","2018-04-15 22:11:11","2018","04",97103.98
"sports_leisure","2018-05-24 12:16:48","2018","05",77275.92
"sports_leisure","2018-06-03 18:24:33","2018","06",68488.18
"sports_leisure","2018-07-29 11:24:17","2018","07",80382.03
"sports_leisure","2018-08-05 13:09:48","2018","08",65539.14
"stationery","2017-01-20 17:23:00","2017","01",4709.73
"stationery","2017-02-10 19:17:03","2017","02",2646.03
"stationery","2017-03-09 16:18:47","2017","03",6994.89
"stationery","2017-04-10 17:23:43","2017","04",5119.99
"stationery","2017-05-15 16:29:03","2017","05",7216.94
"stationery","2017-06-01 10:42:34","2017","06",4339.88
"stationery","2017-07-27 18:04:06","2017","07",9154.17
"stationery","2017-08-01 18:52:12","2017","08",8962.12
"stationery","2017-09-21 15:43:41","2017","09",8492.57
"stationery","2017-10-26 20:30:28","2017","10",11594
"stationery","2017-11-26 17:47:17","2017","11",23006.6
"stationery","2017-12-03 20:22:53","2017","12",32875.08
"stationery","2018-01-19 21:07:32","2018","01",50895.69
"stationery","2018-02-13 21:18:39","2018","02",14007.99
"stationery","2018-03-09 15:09:28","2018","03",18369.07
"stationery","2018-04-22 20:13:58","2018","04",17277.36
"stationery","2018-05-16 16:10:21","2018","05",18220.4
"stationery","2018-06-12 09:52:46","2018","06",19279.11
"stationery","2018-07-30 18:25:18","2018","07",24977.32
"stationery","2018-08-09 11:44:40","2018","08",20535.37
"tablets_printing_image","2017-02-10 11:48:43","2017","02",940.52
"tablets_printing_image","2017-03-27 11:33:36","2017","03",587.91
"tablets_printing_image","2017-04-07 15:21:10","2017","04",1770.73
"tablets_printing_image","2017-05-14 21:52:01","2017","05",1914.87
"tablets_printing_image","2017-06-02 19:43:28","2017","06",679.17
"tablets_printing_image","2017-07-05 18:33:29","2017","07",219.63
"tablets_printing_image","2017-08-11 18:11:14","2017","08",641.05
"tablets_printing_image","2017-09-14 10:30:22","2017","09",279.88
"tablets_printing_image","2017-10-04 12:47:40","2017","10",111.19
"tablets_printing_image","2017-11-24 22:09:42","2017","11",442.39
"tablets_printing_image","2017-12-10 19:50:59","2017","12",485.33000000000004
"tablets_printing_image","2018-01-24 15:15:26","2018","01",248.68
"tablets_printing_image","2018-02-03 08:34:52","2018","02",1007.93
"tablets_printing_image","2018-03-03 23:35:15","2018","03",512.37
"tablets_printing_image","2018-04-25 09:11:40","2018","04",70.24
"tablets_printing_image","2018-05-15 16:45:05","2018","05",58.19
"tablets_printing_image","2018-06-09 13:39:44","2018","06",72.85
"telephony","2016-10-05 13:12:43","2016","10",443.09000000000003
"telephony","2017-01-19 21:24:05","2017","01",1704.02
"telephony","2017-02-07 11:44:41","2017","02",11358.68
"telephony","2017-03-13 11:36:11","2017","03",11657.27
"telephony","2017-04-26 16:14:11","2017","04",10366.789999999999
"telephony","2017-05-14 19:00:05","2017","05",13984.91
"telephony","2017-06-02 14:00:19","2017","06",9595.4
"telephony","2017-07-22 19:16:47","2017","07",11915.55
"telephony","2017-08-28 20:27:54","2017","08",13474.81
"telephony","2017-09-01 22:52:49","2017","09",24533.24
"telephony","2017-10-26 15:54:26","2017","10",29886.02
"telephony","2017-11-06 16:24:03","2017","11",39272.83
"telephony","2017-12-26 23:41:31","2017","12",20929.420000000002
"telephony","2018-01-01 23:15:14","2018","01",22680.79
"telephony","2018-02-10 13:26:59","2018","02",26698.79
"telephony","2018-03-09 14:50:15","2018","03",32412.52
"telephony","2018-04-22 23:23:18","2018","04",30350.14
"telephony","2018-05-01 08:12:37","2018","05",24947.46
"telephony","2018-06-16 00:01:56","2018","06",31561.170000000002
"telephony","2018-07-27 12:45:51","2018","07",34930.6
"telephony","2018-08-11 20:58:44","2018","08",67187.07
"toys","2016-10-05 17:11:49","2016","10",5276.19
"toys","2017-01-29 22:14:49","2017","01",5302.2300000000005
"toys","2017-02-18 17:47:36","2017","02",11384.31
"toys","2017-03-22 10:35:21","2017","03",14781.82
"toys","2017-04-30 22:43:56","2017","04",17390.170000000002
"toys","2017-05-11 09:13:17","2017","05",27037.28
"toys","2017-06-02 08:48:11","2017","06",19039.71
"toys","2017-07-27 23:29:11","2017","07",28606.92
"toys","2017-08-12 09:51:12","2017","08",23681.87
"toys","2017-09-17 18:52:44","2017","09",40030.06
"toys","2017-10-09 15:55:37","2017","10",42088.8
"toys","2017-11-20 16:21:04","2017","11",80882.88
"toys","2017-12-01 20:39:26","2017","12",69951.55
"toys","2018-01-06 16:26:49","2018","01",25869.79
"toys","2018-02-03 12:38:58","2018","02",17982.83
"toys","2018-03-01 14:14:28","2018","03",28692.28
"toys","2018-04-13 12:10:45","2018","04",29011.45
"toys","2018-05-07 21:49:08","2018","05",37896.28
"toys","2018-06-12 13:42:31","2018","06",29234.11
"toys","2018-07-31 16:16:19","2018","07",22664.35
"toys","2018-08-25 22:28:18","2018","08",26759.44
"watches_gifts","2016-10-06 10:12:12","2016","10",2793.71
"watches_gifts","2017-01-13 15:11:52","2017","01",8310.83
"watches_gifts","2017-02-26 19:51:31","2017","02",11632.12
"watches_gifts","2017-03-26 21:42:57","2017","03",27451.91
"watches_gifts","2017-04-09 11:23:37","2017","04",26517.06
"watches_gifts","2017-05-23 19:52:27","2017","05",43584.3
"watches_gifts","2017-06-19 08:03:22","2017","06",30261.97
"watches_gifts","2017-07-01 15:42:32","2017","07",38693.5
"watches_gifts","2017-08-09 18:32:47","2017","08",42439.32
"watches_gifts","2017-09-11 09:40:11","2017","09",55893.270000000004
"watches_gifts","2017-10-11 17:31:49","2017","10",76789.9
"watches_gifts","2017-11-21 12:08:32","2017","11",112415.29
"watches_gifts","2017-12-15 00:06:10","2017","12",78478.54
"watches_gifts","2018-01-12 19:27:08","2018","01",101409.49
"watches_gifts","2018-02-02 16:15:41","2018","02",71552.65
"watches_gifts","2018-03-07 23:46:19","2018","03",109216.17
"watches_gifts","2018-04-10 14:58:16","2018","04",106336.85
"watches_gifts","2018-05-02 11:45:38","2018","05",145869.23
"watches_gifts","2018-06-06 14:21:47","2018","06",105922.17
"watches_gifts","2018-07-23 10:21:28","2018","07",109159.53
"watches_gifts","2018-08-26 22:04:34","2018","08",82634.64
